{
  "Total" : {
    "transaction" : "Total",
    "sampleCount" : 453,
    "errorCount" : 0,
    "errorPct" : 0.0,
    "meanResTime" : 134.78587196467987,
    "medianResTime" : 80.0,
    "minResTime" : 36.0,
    "maxResTime" : 7002.0,
    "pct1ResTime" : 220.60000000000002,
    "pct2ResTime" : 250.29999999999995,
    "pct3ResTime" : 717.1399999999876,
    "throughput" : 7.365015364104899,
    "receivedKBytesPerSec" : 4.053511566772888,
    "sentKBytesPerSec" : 10.851502420456208
  },
  "HTTP Request" : {
    "transaction" : "HTTP Request",
    "sampleCount" : 453,
    "errorCount" : 0,
    "errorPct" : 0.0,
    "meanResTime" : 134.78587196467987,
    "medianResTime" : 80.0,
    "minResTime" : 36.0,
    "maxResTime" : 7002.0,
    "pct1ResTime" : 220.60000000000002,
    "pct2ResTime" : 250.29999999999995,
    "pct3ResTime" : 717.1399999999876,
    "throughput" : 7.365015364104899,
    "receivedKBytesPerSec" : 4.053511566772888,
    "sentKBytesPerSec" : 10.851502420456208
  }
}